{
    "player": {
        "position": [
            26.114285714285714,
            21.257142857142856
        ],
        "speed": 7
    },
    "enemy": []
}